a,airplane,âœˆ
a,alembic,âš—
a,ambulance,ğŸš‘
a,amphora,ğŸº
a,anchor,âš“
a,ant,ğŸœ
a,aquarius,â™’
a,aries,â™ˆ
a,automobile,ğŸš—
a,acorn,ï€€
a,alligator,ï€
a,apron,ï€‚
a,arm,ï€ƒ
a,axe,ï€„
b,baby,ğŸ‘¶
b,badminton,ğŸ¸
b,balloon,ğŸˆ
b,banana,ğŸŒ
b,bank,ğŸ¦
b,baseball,âš¾
b,basketball,ğŸ€
b,bathtub,ğŸ›
b,battery,ğŸ”‹
b,bed,ğŸ›
b,bell,ğŸ””
b,bicycle,ğŸš²
b,bikini,ğŸ‘™
b,biohazard,â˜£
b,bird,ğŸ¦
b,blossom,ğŸŒ¼
b,blowfish,ğŸ¡
b,boar,ğŸ—
b,bomb,ğŸ’£
b,bookmark,ğŸ”–
b,books,ğŸ“š
b,bouquet,ğŸ’
b,bowling,ğŸ³
b,boy,ğŸ‘¦
b,bread,ğŸ
b,briefcase,ğŸ’¼
b,bug,ğŸ›
b,burrito,ğŸŒ¯
b,bus,ğŸšŒ
c,cactus,ğŸŒµ
c,calendar,ğŸ“…
c,camel,ğŸª
c,camera,ğŸ“·
c,camping,ğŸ•
c,cancer,â™‹
c,candle,ğŸ•¯
c,candy,ğŸ¬
c,capricorn,â™‘
c,castle,ğŸ°
c,cat,ğŸˆ
c,chains,â›“
c,cherries,ğŸ’
c,chestnut,ğŸŒ°
c,chicken,ğŸ”
c,chipmunk,ğŸ¿
c,church,â›ª
c,cigarette,ğŸš¬
c,cinema,ğŸ¦
c,cityscape,ğŸ™
c,clamp,ğŸ—œ
c,clipboard,ğŸ“‹
c,cloud,â˜
c,coffin,âš°
c,collision,ğŸ’¥
c,comet,â˜„
c,construction,ğŸš§
c,cookie,ğŸª
c,cooking,ğŸ³
c,copyright,Â©
c,cow,ğŸ„
c,crab,ğŸ¦€
c,crayon,ğŸ–
c,cricket,ğŸ
c,crocodile,ğŸŠ
c,crown,ğŸ‘‘
c,custard,ğŸ®
c,customs,ğŸ›ƒ
c,cyclone,ğŸŒ€
d,dagger,ğŸ—¡
d,dango,ğŸ¡
d,desert,ğŸœ
d,detective,ğŸ•µ
d,dizzy,ğŸ’«
d,dog,ğŸ•
d,dolphin,ğŸ¬
d,door,ğŸšª
d,doughnut,ğŸ©
d,dove,ğŸ•Š
d,dragon,ğŸ‰
d,dress,ğŸ‘—
d,droplet,ğŸ’§
d,dvd,ğŸ“€
e,e-mail,ğŸ“§
e,ear,ğŸ‘‚
e,eggplant,ğŸ†
e,elephant,ğŸ˜
e,envelope,âœ‰
e,eye,ğŸ‘
e,eyes,ğŸ‘€
f,factory,ğŸ­
f,family,ğŸ‘ª
f,ferry,â›´
f,fire,ğŸ”¥
f,fireworks,ğŸ†
f,fish,ğŸŸ
f,flashlight,ğŸ”¦
f,fleur-de-lis,âšœ
f,fog,ğŸŒ«
f,foggy,ğŸŒ
f,footprints,ğŸ‘£
f,fountain,â›²
g,gear,âš™
g,gemini,â™Š
g,girl,ğŸ‘§
g,glasses,ğŸ‘“
g,goat,ğŸ
g,grapes,ğŸ‡
g,guard,ğŸ’‚
g,guitar,ğŸ¸
h,hamburger,ğŸ”
h,hammer,ğŸ”¨
h,handbag,ğŸ‘œ
h,headphone,ğŸ§
h,helicopter,ğŸš
h,herb,ğŸŒ¿
h,hibiscus,ğŸŒº
h,hole,ğŸ•³
h,honeybee,ğŸ
h,horse,ğŸ
h,hospital,ğŸ¥
h,hotel,ğŸ¨
h,hourglass,âŒ›
h,house,ğŸ˜
h,house,ğŸ 
i,information,â„¹
i,igloo,ï€…
i,iguana,ï€†
i,inch,ï€‡
i,ink,ï€ˆ
i,insect,ï€‰
i,ivy,ï€Š
j,jack-o-lantern,ğŸƒ
j,jeans,ğŸ‘–
j,joker,ğŸƒ
j,joystick,ğŸ•¹
j,jacket,ï€‹
j,jam,ï€Œ
j,jar,ï€
k,kaaba,ğŸ•‹
k,key,ğŸ”‘
k,keyboard,âŒ¨
k,kimono,ğŸ‘˜
k,kiss,ğŸ’
k,koala,ğŸ¨
l,label,ğŸ·
l,ledger,ğŸ“’
l,lemon,ğŸ‹
l,leo,â™Œ
l,leopard,ğŸ†
l,libra,â™
l,link,ğŸ”—
l,lipstick,ğŸ’„
l,locked,ğŸ”’
l,locomotive,ğŸš‚
l,lollipop,ğŸ­
l,loudspeaker,ğŸ“¢
m,man,ğŸ‘¨
m,megaphone,ğŸ“£
m,melon,ğŸˆ
m,memo,ğŸ“
m,menorah,ğŸ•
m,metro,ğŸš‡
m,microphone,ğŸ¤
m,microscope,ğŸ”¬
m,minibus,ğŸš
m,moai,ğŸ—¿
m,monkey,ğŸ’
m,monorail,ğŸš
m,mosque,ğŸ•Œ
m,motorcycle,ğŸ
m,motorway,ğŸ›£
m,mountain,â›°
m,mouse,ğŸ
m,mouth,ğŸ‘„
m,mushroom,ğŸ„
n,necktie,ğŸ‘”
n,newspaper,ğŸ“°
n,nose,ğŸ‘ƒ
n,notebook,ğŸ““
n,napkin,ï€
n,neck,ï€
n,nest,ï€
n,net,ï€‘
o,octopus,ğŸ™
o,oden,ğŸ¢
o,om,ğŸ•‰
o,ophiuchus,â›
o,ox,ğŸ‚
o,oar,ï€’
o,olive,ï€“
o,omlette,ï€”
o,ostrich,ï€•
o,otter,ï€–
o,oval,ï€—
o,oven,ï€˜
p,package,ğŸ“¦
p,pager,ğŸ“Ÿ
p,paintbrush,ğŸ–Œ
p,paperclip,ğŸ“
p,peach,ğŸ‘
p,pear,ğŸ
p,pen,ğŸ–Š
p,pencil,âœ
p,penguin,ğŸ§
p,pick,â›
p,pig,ğŸ–
p,pill,ğŸ’Š
p,pineapple,ğŸ
p,pisces,â™“
p,pistol,ğŸ”«
p,pizza,ğŸ•
p,poodle,ğŸ©
p,popcorn,ğŸ¿
p,postbox,ğŸ“®
p,printer,ğŸ–¨
p,prohibited,ğŸš«
p,purse,ğŸ‘›
p,pushpin,ğŸ“Œ
q,quail,ï€™
q,quarter,ï€š
q,queen,ï€›
r,rabbit,ğŸ‡
r,radio,ğŸ“»
r,radioactive,â˜¢
r,rainbow flag,ğŸ³ï¸â€ğŸŒˆ
r,rainbow,ğŸŒˆ
r,ram,ğŸ
r,rat,ğŸ€
r,registered,Â®
r,restroom,ğŸš»
r,ribbon,ğŸ€
r,ring,ğŸ’
r,rocket,ğŸš€
r,rooster,ğŸ“
r,rose,ğŸŒ¹
r,rosette,ğŸµ
s,sagittarius,â™
s,sailboat,â›µ
s,sake,ğŸ¶
s,satellite,ğŸ›°
s,saxophone,ğŸ·
s,school,ğŸ«
s,scissors,âœ‚
s,scorpion,ğŸ¦‚
s,scorpius,â™
s,scroll,ğŸ“œ
s,seat,ğŸ’º
s,seedling,ğŸŒ±
s,shamrock,â˜˜
s,sheep,ğŸ‘
s,shield,ğŸ›¡
s,ship,ğŸš¢
s,shortcake,ğŸ°
s,shower,ğŸš¿
s,skier,â›·
s,skis,ğŸ¿
s,snail,ğŸŒ
s,snake,ğŸ
s,snowboarder,ğŸ‚
s,snowflake,â„
s,snowman,â˜ƒ
s,spaghetti,ğŸ
s,sparkle,â‡
s,sparkler,ğŸ‡
s,sparkles,âœ¨
s,speedboat,ğŸš¤
s,spider,ğŸ•·
s,stadium,ğŸŸ
s,station,ğŸš‰
s,stopwatch,â±
s,strawberry,ğŸ“
s,sun,â˜€
s,sunflower,ğŸŒ»
s,sunglasses,ğŸ•¶
s,sunrise,ğŸŒ…
s,sunset,ğŸŒ‡
s,sushi,ğŸ£
s,synagogue,ğŸ•
s,syringe,ğŸ’‰
t,t-shirt,ğŸ‘•
t,taco,ğŸŒ®
t,tangerine,ğŸŠ
t,taurus,â™‰
t,taxi,ğŸš•
t,telephone,â˜
t,telescope,ğŸ”­
t,television,ğŸ“º
t,tennis,ğŸ¾
t,tent,â›º
t,thermometer,ğŸŒ¡
t,ticket,ğŸ«
t,tiger,ğŸ…
t,toilet,ğŸš½
t,tomato,ğŸ…
t,tongue,ğŸ‘…
t,tornado,ğŸŒª
t,trackball,ğŸ–²
t,tractor,ğŸšœ
t,train,ğŸš†
t,tram,ğŸšŠ
t,trolleybus,ğŸš
t,trophy,ğŸ†
t,trumpet,ğŸº
t,tulip,ğŸŒ·
t,turkey,ğŸ¦ƒ
t,turtle,ğŸ¢
u,umbrella,â˜‚
u,unlocked,ğŸ”“
u,ukelele,ï€œ
u,unicycle,ï€
v,videocassette,ğŸ“¼
v,violin,ğŸ»
v,virgo,â™
v,volcano,ğŸŒ‹
v,volleyball,ğŸ
w,warning,âš 
w,wastebasket,ğŸ—‘
w,watch,âŒš
w,watermelon,ğŸ‰
w,wedding,ğŸ’’
w,whale,ğŸ‹
w,woman,ğŸ‘©
w,wrench,ğŸ”§
x,x-ray,ï€
x,xylophone,ï€Ÿ
y,yak,ï€ 
y,yatch,ï€¡
y,yogurt,ï€¢
y,yoyo,ï€£
z,zzz,ğŸ’¤
